<?xml version="1.0"?>
<!--<!DOCTYPE metadata SYSTEM "http://www.esri.com/metadata/esriprof80.dtd">-->
<metadata xml:lang="en"><Esri><CreaDate>20110731</CreaDate><CreaTime>22541100</CreaTime><SyncOnce>TRUE</SyncOnce><DataProperties><lineage><Process Name="Create Feature Class" ToolSource="C:\Program Files\ArcGIS\ArcToolbox\Toolboxes\Data Management Tools.tbx\CreateFeatureclass" Date="20060413" Time="071821">CreateFeatureclass "Database Connections\Connection to ctmgissdep.PROD.sde\SDE.Land_Features" build_p_new # build_p_Layer SAME_AS_TEMPLATE SAME_AS_TEMPLATE "{B286C06B-0879-11D2-AACA-00C04FA33C20};2555063.085856 9541431.440856 1953.12499818101;0 100000;0 100000" # 0 0 0 "Database Connections\Connection to ctmgissdep.PROD.sde\SDE.Land_Features\SDE.build_p_new"</Process><Process Name="Append" ToolSource="C:\Program Files\ArcGIS\ArcToolbox\Toolboxes\Data Management Tools.tbx\Append" Date="20060413" Time="072155">Append build_p_Layer "Database Connections\Connection to ctmgissdep.PROD.sde\SDE.Land_Features\SDE.build_p_new" TEST "Database Connections\Connection to ctmgissdep.PROD.sde\SDE.Land_Features\SDE.build_p_new"</Process><Process Name="FeatureClassToFeatureClass_2" ToolSource="C:\Program Files\ArcGIS\ArcToolbox\Toolboxes\Conversion Tools.tbx\FeatureClassToFeatureClass" Date="20060413" Time="072156">FeatureClassToFeatureClass F:\ArcGIS\RegionalMapping\projects\build_p.shp "Database Connections\Connection to ctmgissdep.PROD.sde\SDE.Land_Features" build_p_new # "FEA_CODE FEA_CODE VISIBLE;ELEVATION ELEVATION VISIBLE;SOURCE SOURCE VISIBLE;AREA_FEET AREA_FEET VISIBLE;PERIMETER_ PERIMETER_ VISIBLE;BUILD_P_ID BUILD_P_ID VISIBLE" SAME_AS_TEMPLATE SAME_AS_TEMPLATE # 0 "Database Connections\Connection to ctmgissdep.PROD.sde\SDE.Land_Features\SDE.build_p_new"</Process></lineage><itemProps><itemLocation><linkage Sync="TRUE">file://\\DELL-D630\C$\Dropbox\Dropbox\Python\Data_Cleaned\Austin_Downtown\buildings</linkage><protocol Sync="TRUE">Local Area Network</protocol></itemLocation></itemProps><copyHistory><copy source="C:\Dropbox\Dropbox\Python\Data_Cleaned\Austin\buildings" dest="\\DELL-D630\C$\Dropbox\Dropbox\Python\Data_Cleaned\Austin_Downtown\buildings" date="20110730" time="16471600"></copy></copyHistory></DataProperties><ArcGISFormat>1.0</ArcGISFormat><ArcGISstyle>INSPIRE Metadata Directive</ArcGISstyle></Esri><idinfo><citation><citeinfo><onlink Sync="TRUE"></onlink></citeinfo></citation></idinfo><distInfo><distributor><distorTran><onLineSrc><linkage Sync="TRUE">file://</linkage><protocol Sync="TRUE">Local Area Network</protocol></onLineSrc></distorTran></distributor></distInfo><dataqual><lineage><procstep><procdesc Sync="TRUE">Dataset copied.</procdesc><srcused Sync="TRUE">Server=ctmgissdep; Service=5153; User=VanZantA; Version=SDE.DEFAULT</srcused><date Sync="TRUE">20070924</date><time Sync="TRUE">12475000</time></procstep></lineage></dataqual></metadata>
