<?xml version="1.0" encoding="UTF-8"?>
<metadata xml:lang="en"><Esri><CreaDate>20110731</CreaDate><CreaTime>22554400</CreaTime><SyncOnce>FALSE</SyncOnce><SyncDate>20110509</SyncDate><SyncTime>09004100</SyncTime><ModDate>20110509</ModDate><ModTime>09004100</ModTime><DataProperties><lineage><Process ToolSource="C:\Program Files\ArcGIS\ArcToolbox\Toolboxes\Data Management Tools.tbx\Append" Date="20101005" Time="172051" Name="" export="">Append 'G:\NCD\Bicycle\Planning Projects\PedPlanII\Final Deliverable\PIMS_Master_Disc\PIMS_Tool\PIMS.gdb\PEDESTRIAN_INFRASTRUCTURE\NETWORK' G:\NCD\Bicycle\GIS\GIS_DATA_NCD.gdb\NETWORK NO_TEST "TYPE 'TYPE' true true false 2 Short 0 0 ,First,#,G:\NCD\Bicycle\Planning Projects\PedPlanII\Final Deliverable\PIMS_Master_Disc\PIMS_Tool\PIMS.gdb\PEDESTRIAN_INFRASTRUCTURE\NETWORK,TYPE,-1,-1;UniqueID 'UniqueID' true true false 2 Short 0 0 ,First,#,G:\NCD\Bicycle\Planning Projects\PedPlanII\Final Deliverable\PIMS_Master_Disc\PIMS_Tool\PIMS.gdb\PEDESTRIAN_INFRASTRUCTURE\NETWORK,UniqueID,-1,-1;StreetID 'StreetID' true true false 4 Long 0 0 ,First,#,G:\NCD\Bicycle\Planning Projects\PedPlanII\Final Deliverable\PIMS_Master_Disc\PIMS_Tool\PIMS.gdb\PEDESTRIAN_INFRASTRUCTURE\NETWORK,StreetID,-1,-1;BlockID 'BlockID' true true false 4 Long 0 0 ,First,#,G:\NCD\Bicycle\Planning Projects\PedPlanII\Final Deliverable\PIMS_Master_Disc\PIMS_Tool\PIMS.gdb\PEDESTRIAN_INFRASTRUCTURE\NETWORK,BlockID,-1,-1;FULL_NAME 'FULL_NAME' true true false 56 Text 0 0 ,First,#,G:\NCD\Bicycle\Planning Projects\PedPlanII\Final Deliverable\PIMS_Master_Disc\PIMS_Tool\PIMS.gdb\PEDESTRIAN_INFRASTRUCTURE\NETWORK,FULL_NAME,-1,-1;GIS_ID 'GIS_ID' true true false 4 Long 0 0 ,First,#,G:\NCD\Bicycle\Planning Projects\PedPlanII\Final Deliverable\PIMS_Master_Disc\PIMS_Tool\PIMS.gdb\PEDESTRIAN_INFRASTRUCTURE\NETWORK,GIS_ID,-1,-1;Shape_Leng 'Shape_Leng' true true false 8 Double 0 0 ,First,#,G:\NCD\Bicycle\Planning Projects\PedPlanII\Final Deliverable\PIMS_Master_Disc\PIMS_Tool\PIMS.gdb\PEDESTRIAN_INFRASTRUCTURE\NETWORK,Shape_Leng,-1,-1;STREET_Typ 'STREET_Typ' true true false 5 Text 0 0 ,First,#,G:\NCD\Bicycle\Planning Projects\PedPlanII\Final Deliverable\PIMS_Master_Disc\PIMS_Tool\PIMS.gdb\PEDESTRIAN_INFRASTRUCTURE\NETWORK,STREET_Typ,-1,-1;FiscalAvai 'FiscalAvai' true true false 10 Text 0 0 ,First,#,G:\NCD\Bicycle\Planning Projects\PedPlanII\Final Deliverable\PIMS_Master_Disc\PIMS_Tool\PIMS.gdb\PEDESTRIAN_INFRASTRUCTURE\NETWORK,FiscalAvai,-1,-1;Shape_Length 'Shape_Length' false true true 8 Double 0 0 ,First,#,G:\NCD\Bicycle\Planning Projects\PedPlanII\Final Deliverable\PIMS_Master_Disc\PIMS_Tool\PIMS.gdb\PEDESTRIAN_INFRASTRUCTURE\NETWORK,Shape_Length,-1,-1" # G:\NCD\Bicycle\GIS\GIS_DATA_NCD.gdb\NETWORK</Process><Process ToolSource="C:\Program Files\ArcGIS\ArcToolbox\Toolboxes\Conversion Tools.tbx\FeatureClassToFeatureClass" Date="20101229" Time="135339" Name="" export="">FeatureClassToFeatureClass G:\NCD\Bicycle\GIS\GIS_DATA_NCD.gdb\NETWORK "Database Connections\Transportation gistest1.sde" sidewalk_network # "TYPE 'TYPE' true true false 2 Short 0 0 ,First,#,G:\NCD\Bicycle\GIS\GIS_DATA_NCD.gdb\NETWORK,TYPE,-1,-1;UniqueID 'UniqueID' true true false 2 Short 0 0 ,First,#,G:\NCD\Bicycle\GIS\GIS_DATA_NCD.gdb\NETWORK,UniqueID,-1,-1;StreetID 'StreetID' true true false 4 Long 0 0 ,First,#,G:\NCD\Bicycle\GIS\GIS_DATA_NCD.gdb\NETWORK,StreetID,-1,-1;BlockID 'BlockID' true true false 4 Long 0 0 ,First,#,G:\NCD\Bicycle\GIS\GIS_DATA_NCD.gdb\NETWORK,BlockID,-1,-1;FULL_NAME 'FULL_NAME' true true false 56 Text 0 0 ,First,#,G:\NCD\Bicycle\GIS\GIS_DATA_NCD.gdb\NETWORK,FULL_NAME,-1,-1;GIS_ID 'GIS_ID' true true false 4 Long 0 0 ,First,#,G:\NCD\Bicycle\GIS\GIS_DATA_NCD.gdb\NETWORK,GIS_ID,-1,-1;Shape_Leng 'Shape_Leng' true true false 8 Double 0 0 ,First,#,G:\NCD\Bicycle\GIS\GIS_DATA_NCD.gdb\NETWORK,Shape_Leng,-1,-1;STREET_Typ 'STREET_Typ' true true false 5 Text 0 0 ,First,#,G:\NCD\Bicycle\GIS\GIS_DATA_NCD.gdb\NETWORK,STREET_Typ,-1,-1;FiscalAvai 'FiscalAvai' true true false 10 Text 0 0 ,First,#,G:\NCD\Bicycle\GIS\GIS_DATA_NCD.gdb\NETWORK,FiscalAvai,-1,-1;Shape_Length 'Shape_Length' false true true 8 Double 0 0 ,First,#,G:\NCD\Bicycle\GIS\GIS_DATA_NCD.gdb\NETWORK,Shape_Length,-1,-1" # "Database Connections\Transportation gistest1.sde\TRANSPORTATION.sidewalk_network"</Process><Process ToolSource="C:\Program Files\ArcGIS\ArcToolbox\Toolboxes\Data Management Tools.tbx\Append" Date="20110114" Time="165702" Name="" export="">Append G:\NCD\Bicycle\GIS\GIS_DATA_NCD.gdb\TRANSPORTATION_sidewalk_network_2006 G:\NCD\Bicycle\GIS\GIS_DATA_NCD.gdb\sidewalk_network_2006 NO_TEST "SIDEWALK_NETWORK_2006_ID 'SIDEWALK_NETWORK_2006_ID' true true false 4 Long 0 0 ,First,#,G:\NCD\Bicycle\GIS\GIS_DATA_NCD.gdb\TRANSPORTATION_sidewalk_network_2006,UNIQUEID,-1,-1;PEDESTRIAN_FACILITY_TYPE 'PEDESTRIAN_FACILITY_TYPE' true true false 50 Text 0 0 ,First,#,G:\NCD\Bicycle\GIS\GIS_DATA_NCD.gdb\TRANSPORTATION_sidewalk_network_2006,PEDESTRIAN_FACILITY_TYPE,-1,-1;BLOCK_ID 'BLOCK_ID' true true false 4 Long 0 0 ,First,#,G:\NCD\Bicycle\GIS\GIS_DATA_NCD.gdb\TRANSPORTATION_sidewalk_network_2006,BLOCKID,-1,-1;FULL_STREET_NAME 'FULL_STREET_NAME' true true false 75 Text 0 0 ,First,#,G:\NCD\Bicycle\GIS\GIS_DATA_NCD.gdb\TRANSPORTATION_sidewalk_network_2006,FULL_NAME,-1,-1;STREET_TYPE 'STREET_TYPE' true true false 5 Text 0 0 ,First,#,G:\NCD\Bicycle\GIS\GIS_DATA_NCD.gdb\TRANSPORTATION_sidewalk_network_2006,STREET_TYP,-1,-1;FISCAL_AVAILABLE 'FISCAL_AVAILABLE' true true false 10 Text 0 0 ,First,#,G:\NCD\Bicycle\GIS\GIS_DATA_NCD.gdb\TRANSPORTATION_sidewalk_network_2006,FISCALAVAI,-1,-1;CREATED_BY 'CREATED_BY' true true false 50 Text 0 0 ,First,#;CREATED_DATE 'CREATED_DATE' true true false 8 Date 0 0 ,First,#;MODIFIED_BY 'MODIFIED_BY' true true false 50 Text 0 0 ,First,#;MODIFIED_DATE 'MODIFIED_DATE' true true false 8 Date 0 0 ,First,#;SHAPE_Length 'SHAPE_Length' false true true 8 Double 0 0 ,First,#,G:\NCD\Bicycle\GIS\GIS_DATA_NCD.gdb\TRANSPORTATION_sidewalk_network_2006,SHAPE_Length,-1,-1" # G:\NCD\Bicycle\GIS\GIS_DATA_NCD.gdb\sidewalk_network_2006</Process><Process ToolSource="C:\Program Files\ArcGIS\ArcToolbox\Toolboxes\Data Management Tools.tbx\CopyFeatures" Date="20110114" Time="170656" Name="" export="">CopyFeatures G:\NCD\Bicycle\GIS\GIS_DATA_NCD.gdb\sidewalk_network_2006 "Database Connections\Transportation gistest1.sde\TRANSPORTATION.sidewalk_network_2006" # 0 0 0</Process><Process ToolSource="C:\Program Files\ArcGIS\Desktop10.0\ArcToolbox\Toolboxes\Conversion Tools.tbx\FeatureClassToFeatureClass" Date="20110422" Time="115848" Name="" export="">FeatureClassToFeatureClass "Database Connections\Test_1_TRansportation.sde\TRANSPORTATION.sidewalk_network_2006" C:\arcwks\geodatabases\bv-fgd.gdb sidewalk_network_2006 # "SIDEWALK_NETWORK_2006_ID "SIDEWALK_NETWORK_2006_ID" true true false 4 Long 0 10 ,First,#,Database Connections\Test_1_TRansportation.sde\TRANSPORTATION.sidewalk_network_2006,SIDEWALK_NETWORK_2006_ID,-1,-1;PEDESTRIAN_FACILITY_TYPE "PEDESTRIAN_FACILITY_TYPE" true true false 50 Text 0 0 ,First,#,Database Connections\Test_1_TRansportation.sde\TRANSPORTATION.sidewalk_network_2006,PEDESTRIAN_FACILITY_TYPE,-1,-1;BLOCK_ID "BLOCK_ID" true true false 4 Long 0 10 ,First,#,Database Connections\Test_1_TRansportation.sde\TRANSPORTATION.sidewalk_network_2006,BLOCK_ID,-1,-1;FULL_STREET_NAME "FULL_STREET_NAME" true true false 75 Text 0 0 ,First,#,Database Connections\Test_1_TRansportation.sde\TRANSPORTATION.sidewalk_network_2006,FULL_STREET_NAME,-1,-1;STREET_TYPE "STREET_TYPE" true true false 5 Text 0 0 ,First,#,Database Connections\Test_1_TRansportation.sde\TRANSPORTATION.sidewalk_network_2006,STREET_TYPE,-1,-1;FISCAL_AVAILABLE "FISCAL_AVAILABLE" true true false 10 Text 0 0 ,First,#,Database Connections\Test_1_TRansportation.sde\TRANSPORTATION.sidewalk_network_2006,FISCAL_AVAILABLE,-1,-1;CREATED_BY "CREATED_BY" true true false 50 Text 0 0 ,First,#,Database Connections\Test_1_TRansportation.sde\TRANSPORTATION.sidewalk_network_2006,CREATED_BY,-1,-1;CREATED_DATE "CREATED_DATE" true true false 36 Date 0 0 ,First,#,Database Connections\Test_1_TRansportation.sde\TRANSPORTATION.sidewalk_network_2006,CREATED_DATE,-1,-1;MODIFIED_BY "MODIFIED_BY" true true false 50 Text 0 0 ,First,#,Database Connections\Test_1_TRansportation.sde\TRANSPORTATION.sidewalk_network_2006,MODIFIED_BY,-1,-1;MODIFIED_DATE "MODIFIED_DATE" true true false 36 Date 0 0 ,First,#,Database Connections\Test_1_TRansportation.sde\TRANSPORTATION.sidewalk_network_2006,MODIFIED_DATE,-1,-1;SHAPE_LEN "SHAPE_LEN" false false true 0 Double 0 0 ,First,#,Database Connections\Test_1_TRansportation.sde\TRANSPORTATION.sidewalk_network_2006,SHAPE.LEN,-1,-1" #</Process><Process ToolSource="C:\Program Files\ArcGIS\Desktop10.0\ArcToolbox\Toolboxes\Data Management Tools.tbx\Append" Date="20110422" Time="122851" Name="" export="">Append STREET2006 sidewalk_network_2006 NO_TEST "SIDEWALK_NETWORK_2006_ID "SIDEWALK_NETWORK_2006_ID" true true false 4 Long 0 0 ,First,#,C:\arcwks\geodatabases\bv-fgd.gdb\STREET2006,SIDEWALK_NETWORK_2006_ID,-1,-1;PEDESTRIAN_FACILITY_TYPE "PEDESTRIAN_FACILITY_TYPE" true true false 50 Text 0 0 ,First,#,C:\arcwks\geodatabases\bv-fgd.gdb\STREET2006,PEDESTRIAN_FACILITY_TYPE,-1,-1;BLOCK_ID "BLOCK_ID" true true false 4 Long 0 0 ,First,#;FULL_STREET_NAME "FULL_STREET_NAME" true true false 75 Text 0 0 ,First,#,C:\arcwks\geodatabases\bv-fgd.gdb\STREET2006,FULL_STREET_NAME,-1,-1;STREET_TYPE "STREET_TYPE" true true false 5 Text 0 0 ,First,#,C:\arcwks\geodatabases\bv-fgd.gdb\STREET2006,STREET_TYPE,-1,-1;FISCAL_AVAILABLE "FISCAL_AVAILABLE" true true false 10 Text 0 0 ,First,#,C:\arcwks\geodatabases\bv-fgd.gdb\STREET2006,FISCAL_AVAILABLE,-1,-1;CREATED_BY "CREATED_BY" true true false 50 Text 0 0 ,First,#,C:\arcwks\geodatabases\bv-fgd.gdb\STREET2006,CREATED_BY,-1,-1;CREATED_DATE "CREATED_DATE" true true false 8 Date 0 0 ,First,#,C:\arcwks\geodatabases\bv-fgd.gdb\STREET2006,CREATED_DATE,-1,-1;MODIFIED_BY "MODIFIED_BY" true true false 50 Text 0 0 ,First,#,C:\arcwks\geodatabases\bv-fgd.gdb\STREET2006,MODIFIED_BY,-1,-1;MODIFIED_DATE "MODIFIED_DATE" true true false 8 Date 0 0 ,First,#,C:\arcwks\geodatabases\bv-fgd.gdb\STREET2006,MODIFIED_DATE,-1,-1;Shape_Length "Shape_Length" false true true 8 Double 0 0 ,First,#,C:\arcwks\geodatabases\bv-fgd.gdb\STREET2006,SHAPE_Length,-1,-1" #</Process><Process ToolSource="C:\Program Files\ArcGIS\Desktop10.0\ArcToolbox\Toolboxes\Data Management Tools.tbx\CopyFeatures" Date="20110422" Time="131300" Name="" export="">CopyFeatures C:\arcwks\geodatabases\bv-fgd.gdb\STREET200667 "Database Connections\Test_1_TRansportation.sde\TRANSPORTATION.street_network_2006" # 0 0 0</Process><Process ToolSource="C:\Program Files\ArcGIS\Desktop10.0\ArcToolbox\Toolboxes\Data Management Tools.tbx\CopyFeatures" Date="20110422" Time="132949" Name="" export="">CopyFeatures "Database Connections\Test_1_TRansportation.sde\TRANSPORTATION.street_network_2006" "Database Connections\GISDM-Transportation.sde\TRANSPORTATION.street_network_2006" # 0 0 0</Process><Process ToolSource="C:\Program Files\ArcGIS\Desktop10.0\ArcToolbox\Toolboxes\Data Management Tools.tbx\ChangePrivileges" Date="20110425" Time="112511" Name="" export="">ChangePrivileges 'Database Connections\GISDM-Transportation.sde\TRANSPORTATION.curb_ramps_2006';'Database Connections\GISDM-Transportation.sde\TRANSPORTATION.street_network_2006' GIS_VIEW_RL GRANT #</Process><Process ToolSource="C:\Program Files\ArcGIS\Desktop10.0\ArcToolbox\Toolboxes\Conversion Tools.tbx\FeatureClassToFeatureClass" Date="20110509" Time="090128">FeatureClassToFeatureClass "Database Connections\GISDM-PlanningCadastre.sde\TRANSPORTATION.sidewalk_network_2006" C:\1g_drive\ftpNEW sidewalk_network_2006.shp # "SIDEWALK_N "SIDEWALK_N" true true false 4 Long 0 10 ,First,#,Database Connections\GISDM-PlanningCadastre.sde\TRANSPORTATION.sidewalk_network_2006,SIDEWALK_NETWORK_2006_ID,-1,-1;PEDESTRIAN "PEDESTRIAN" true true false 30 Text 0 0 ,First,#,Database Connections\GISDM-PlanningCadastre.sde\TRANSPORTATION.sidewalk_network_2006,PEDESTRIAN_FACILITY_TYPE,-1,-1;BLODK_ID "BLODK_ID" true true false 4 Long 0 10 ,First,#,Database Connections\GISDM-PlanningCadastre.sde\TRANSPORTATION.sidewalk_network_2006,BLODK_ID,-1,-1;FULL_STREE "FULL_STREE" true true false 50 Text 0 0 ,First,#,Database Connections\GISDM-PlanningCadastre.sde\TRANSPORTATION.sidewalk_network_2006,FULL_STREET_NAME,-1,-1;STREET_TYP "STREET_TYP" true true false 50 Text 0 0 ,First,#,Database Connections\GISDM-PlanningCadastre.sde\TRANSPORTATION.sidewalk_network_2006,STREET_TYPE,-1,-1;FISCAL_AVA "FISCAL_AVA" true true false 50 Text 0 0 ,First,#,Database Connections\GISDM-PlanningCadastre.sde\TRANSPORTATION.sidewalk_network_2006,FISCAL_AVAILABLE,-1,-1;CREATED_BY "CREATED_BY" true true false 50 Text 0 0 ,First,#,Database Connections\GISDM-PlanningCadastre.sde\TRANSPORTATION.sidewalk_network_2006,CREATED_BY,-1,-1;CREATED_DA "CREATED_DA" true true false 36 Date 0 0 ,First,#,Database Connections\GISDM-PlanningCadastre.sde\TRANSPORTATION.sidewalk_network_2006,CREATED_DATE,-1,-1;MODIFIED_B "MODIFIED_B" true true false 50 Text 0 0 ,First,#,Database Connections\GISDM-PlanningCadastre.sde\TRANSPORTATION.sidewalk_network_2006,MODIFIED_BY,-1,-1;MODIFIED_D "MODIFIED_D" true true false 36 Date 0 0 ,First,#,Database Connections\GISDM-PlanningCadastre.sde\TRANSPORTATION.sidewalk_network_2006,MODIFIED_DATE,-1,-1;SHAPE_LEN "SHAPE_LEN" false false true 0 Double 0 0 ,First,#,Database Connections\GISDM-PlanningCadastre.sde\TRANSPORTATION.sidewalk_network_2006,SHAPE.LEN,-1,-1" #</Process></lineage><itemProps><itemName Sync="TRUE">sidewalk_network_2006</itemName><imsContentType Sync="TRUE">002</imsContentType><nativeExtBox><westBL Sync="TRUE">3050000.001743</westBL><eastBL Sync="TRUE">3171394.047669</eastBL><southBL Sync="TRUE">10020000.020913</southBL><northBL Sync="TRUE">10164999.988130</northBL><exTypeCode Sync="TRUE">1</exTypeCode></nativeExtBox><itemLocation><linkage Sync="TRUE">file://\\DELL-D630\C$\Dropbox\Dropbox\Python\Data_Cleaned\Austin_Downtown\sidewalk_network_2006</linkage><protocol Sync="TRUE">Local Area Network</protocol></itemLocation><itemSize Sync="TRUE">0.000</itemSize></itemProps><coordRef><type Sync="TRUE">Projected</type><geogcsn Sync="TRUE">GCS_North_American_1983</geogcsn><projcsn Sync="TRUE">NAD_1983_StatePlane_Texas_Central_FIPS_4203_Feet</projcsn><peXml Sync="TRUE">&lt;ProjectedCoordinateSystem xsi:type='typens:ProjectedCoordinateSystem' xmlns:xsi='http://www.w3.org/2001/XMLSchema-instance' xmlns:xs='http://www.w3.org/2001/XMLSchema' xmlns:typens='http://www.esri.com/schemas/ArcGIS/10.0'&gt;&lt;WKT&gt;PROJCS[&amp;quot;NAD_1983_StatePlane_Texas_Central_FIPS_4203_Feet&amp;quot;,GEOGCS[&amp;quot;GCS_North_American_1983&amp;quot;,DATUM[&amp;quot;D_North_American_1983&amp;quot;,SPHEROID[&amp;quot;GRS_1980&amp;quot;,6378137.0,298.257222101]],PRIMEM[&amp;quot;Greenwich&amp;quot;,0.0],UNIT[&amp;quot;Degree&amp;quot;,0.0174532925199433]],PROJECTION[&amp;quot;Lambert_Conformal_Conic&amp;quot;],PARAMETER[&amp;quot;False_Easting&amp;quot;,2296583.333333333],PARAMETER[&amp;quot;False_Northing&amp;quot;,9842500.0],PARAMETER[&amp;quot;Central_Meridian&amp;quot;,-100.3333333333333],PARAMETER[&amp;quot;Standard_Parallel_1&amp;quot;,30.11666666666667],PARAMETER[&amp;quot;Standard_Parallel_2&amp;quot;,31.88333333333333],PARAMETER[&amp;quot;Latitude_Of_Origin&amp;quot;,29.66666666666667],UNIT[&amp;quot;Foot_US&amp;quot;,0.3048006096012192],AUTHORITY[&amp;quot;EPSG&amp;quot;,2277]]&lt;/WKT&gt;&lt;XOrigin&gt;-124805500&lt;/XOrigin&gt;&lt;YOrigin&gt;-81923100&lt;/YOrigin&gt;&lt;XYScale&gt;35432942.484959878&lt;/XYScale&gt;&lt;ZOrigin&gt;-100000&lt;/ZOrigin&gt;&lt;ZScale&gt;10000&lt;/ZScale&gt;&lt;MOrigin&gt;-100000&lt;/MOrigin&gt;&lt;MScale&gt;10000&lt;/MScale&gt;&lt;XYTolerance&gt;0.0032808333333333335&lt;/XYTolerance&gt;&lt;ZTolerance&gt;0.001&lt;/ZTolerance&gt;&lt;MTolerance&gt;0.001&lt;/MTolerance&gt;&lt;HighPrecision&gt;true&lt;/HighPrecision&gt;&lt;WKID&gt;2277&lt;/WKID&gt;&lt;/ProjectedCoordinateSystem&gt;</peXml></coordRef><copyHistory><copy source="C:\Dropbox\Dropbox\Python\Data_Cleaned\Austin\sidewalk_network_2006" dest="\\DELL-D630\C$\Dropbox\Dropbox\Python\Data_Cleaned\Austin_Downtown\sidewalk_network_2006" date="20110730" time="16445500"></copy></copyHistory></DataProperties><ArcGISProfile>NAP</ArcGISProfile><ArcGISFormat>1.0</ArcGISFormat><ArcGISstyle>INSPIRE Metadata Directive</ArcGISstyle></Esri><idinfo><native Sync="TRUE">Microsoft Windows XP Version 5.1 (Build 2600) Service Pack 3; ESRI ArcCatalog 9.3.1.3500</native><descript><langdata Sync="TRUE">en</langdata><abstract>Inventory of absent and existing sidewalks, driveways and crosswalks for the City of Austin.</abstract><purpose>Use in the Pedestrian Information Management System (PIMS) by the City of Austin.</purpose></descript><citation><citeinfo><origin>Sanborn, Inc. and Lockwood, Andrews &amp; Newnam, Inc.</origin><title Sync="TRUE">TRANSPORTATION.sidewalk_network_2006</title><ftname Sync="TRUE">TRANSPORTATION.sidewalk_network_2006</ftname><geoform Sync="TRUE">vector digital data</geoform><onlink Sync="TRUE">Server=ctmgissdep.ci.austin.tx.us; Service=sde:oracle11g:\;local=gistest1; User=Transportation; Version=SDE.DEFAULT</onlink></citeinfo></citation><timeperd><current>ground condition</current><timeinfo><sngdate><caldate>2006</caldate></sngdate></timeinfo></timeperd><status><progress>In work</progress><update>Continually</update></status><spdom><bounding><westbc Sync="TRUE">-97.949922</westbc><eastbc Sync="TRUE">-97.554588</eastbc><northbc Sync="TRUE">30.531104</northbc><southbc Sync="TRUE">30.124777</southbc></bounding><lboundng><leftbc Sync="TRUE">3050000.001717</leftbc><rightbc Sync="TRUE">3171394.047741</rightbc><bottombc Sync="TRUE">10020000.021060</bottombc><topbc Sync="TRUE">10164999.988277</topbc></lboundng></spdom><keywords><theme><themekey>sidewalk</themekey><themekey>sidewalk network</themekey><themekey>cross walk</themekey><themekey>absent sidewalk</themekey></theme></keywords><natvform Sync="TRUE">SDE Feature Class</natvform><ptcontac><cntinfo><cntperp><cntper>Richard McEntee</cntper><cntorg>Lockwood, Andrews &amp; Newnam</cntorg></cntperp><cntpos>GIS Manager</cntpos><cntvoice>512-338-4212</cntvoice></cntinfo></ptcontac></idinfo><dataIdInfo><envirDesc Sync="TRUE">Microsoft Windows XP Version 5.1 (Build 2600) Service Pack 3; ESRI ArcGIS 10.0.0.2414</envirDesc><dataLang><languageCode Sync="TRUE" value="en" country="US"/></dataLang><idCitation><resTitle Sync="TRUE">sidewalk_network_2006</resTitle><presForm><PresFormCd Sync="TRUE" value="005"/></presForm><citRespParty xmlns=""><rpIndName>Nadia M. Barrera </rpIndName><rpOrgName>Neighborhood Connectivity Division </rpOrgName><rpPosName>Bicycle/Pedestrian Project Coordinator </rpPosName><rpCntInfo xmlns=""><cntPhone><voiceNum>512.974.7142 </voiceNum></cntPhone></rpCntInfo><role><RoleCd value="002"/></role></citRespParty></idCitation><dataExt><geoEle><GeoBndBox esriExtentType="search"><westBL Sync="TRUE">-97.949922</westBL><eastBL Sync="TRUE">-97.554588</eastBL><northBL Sync="TRUE">30.531104</northBL><southBL Sync="TRUE">30.124777</southBL><exTypeCode Sync="TRUE">1</exTypeCode></GeoBndBox></geoEle></dataExt><geoBox esriExtentType="decdegrees"><westBL Sync="TRUE">-97.949922</westBL><eastBL Sync="TRUE">-97.554588</eastBL><northBL Sync="TRUE">30.531104</northBL><southBL Sync="TRUE">30.124777</southBL><exTypeCode Sync="TRUE">1</exTypeCode></geoBox><spatRpType><SpatRepTypCd Sync="TRUE" value="001"/></spatRpType><descKeys><thesaName uuidref="723f6998-058e-11dc-8314-0800200c9a66"/><keyword Sync="TRUE">002</keyword></descKeys><otherKeys xmlns=""><thesaName uuidref="723f6998-058e-11dc-8314-0800200c9a66"/><keyword>002</keyword></otherKeys><idPurp>Use in the Pedestrian Information Management System (PIMS) by the City of Austin.</idPurp><idAbs>&lt;DIV STYLE="text-align:Left;"&gt;&lt;DIV&gt;&lt;DIV&gt;&lt;P&gt;&lt;SPAN&gt;Inventory of absent and existing sidewalks, driveways and crosswalks for the City of Austin.&lt;/SPAN&gt;&lt;/P&gt;&lt;/DIV&gt;&lt;/DIV&gt;&lt;/DIV&gt;</idAbs><searchKeys><keyword>sidewalk</keyword><keyword>sidewalk network</keyword><keyword>cross walk</keyword><keyword>absent sidewalk</keyword></searchKeys><resMaint xmlns=""><maintFreq><MaintFreqCd value="011"/></maintFreq></resMaint><tpCat><TopicCatCd value="018"/></tpCat></dataIdInfo><metainfo><langmeta Sync="TRUE">en</langmeta><metstdn Sync="TRUE">FGDC Content Standards for Digital Geospatial Metadata</metstdn><metstdv Sync="TRUE">FGDC-STD-001-1998</metstdv><mettc Sync="TRUE">local time</mettc><metc><cntinfo><cntorgp><cntper>Richard McEntee</cntper><cntorg>Lockwood, Andrews &amp; Newnam</cntorg></cntorgp><cntaddr><city>Austin</city><state>TX</state><postal>78759</postal><address>10801 N. Mo-Pac Expy Ste 100</address></cntaddr><cntvoice>512-338-4212</cntvoice><cntpos>GIS Manager</cntpos></cntinfo></metc><metd Sync="TRUE">20110114</metd></metainfo><mdLang><languageCode Sync="TRUE" value="en"/></mdLang><mdStanName>ArcGIS Metadata</mdStanName><mdStanVer>1.0</mdStanVer><mdChar><CharSetCd Sync="TRUE" value="005"/></mdChar><mdHrLv><ScopeCd Sync="TRUE" value="005"/></mdHrLv><mdHrLvName Sync="TRUE">dataset</mdHrLvName><distinfo><resdesc Sync="TRUE">Downloadable Data</resdesc></distinfo><distInfo><distributor><distorTran><onLineSrc><orDesc Sync="TRUE">002</orDesc><linkage Sync="TRUE">Server=ctmgissdep.ci.austin.tx.us; Service=sde:oracle11g:\;local=gistest1; User=Transportation; Version=SDE.DEFAULT</linkage><protocol Sync="TRUE">ArcSDE Connection</protocol></onLineSrc></distorTran><distorFormat><formatName Sync="TRUE">SDE Feature Class</formatName></distorFormat></distributor><distFormat><formatName Sync="TRUE">Shapefile</formatName></distFormat><distTranOps><transSize Sync="TRUE">0.000</transSize></distTranOps></distInfo><spdoinfo><direct Sync="TRUE">Vector</direct><ptvctinf><esriterm Name="sidewalk_network_2006"><efeatyp Sync="TRUE">Simple</efeatyp><efeageom Sync="TRUE">3</efeageom><esritopo Sync="TRUE">FALSE</esritopo><efeacnt Sync="TRUE">0</efeacnt><spindex Sync="TRUE">FALSE</spindex><linrefer Sync="TRUE">FALSE</linrefer></esriterm></ptvctinf></spdoinfo><spref><horizsys><cordsysn><geogcsn Sync="TRUE">GCS_North_American_1983</geogcsn><projcsn Sync="TRUE">NAD_1983_StatePlane_Texas_Central_FIPS_4203_Feet</projcsn></cordsysn><planar><planci><plance Sync="TRUE">coordinate pair</plance><plandu Sync="TRUE">survey feet</plandu><coordrep><absres Sync="TRUE">0.000437</absres><ordres Sync="TRUE">0.000437</ordres></coordrep></planci></planar><geodetic><horizdn Sync="TRUE">North American Datum of 1983</horizdn><ellips Sync="TRUE">Geodetic Reference System 80</ellips><semiaxis Sync="TRUE">6378137.000000</semiaxis><denflat Sync="TRUE">298.257222</denflat></geodetic></horizsys><vertdef><altsys><altenc Sync="TRUE">Explicit elevation coordinate included with horizontal coordinates</altenc><altres Sync="TRUE">1.000000</altres></altsys></vertdef></spref><refSysInfo><RefSystem><refSysID><identCode Sync="TRUE" code="2277">NAD_1983_StatePlane_Texas_Central_FIPS_4203_Feet</identCode><idCodeSpace Sync="TRUE">EPSG</idCodeSpace><idVersion Sync="TRUE">7.4.1</idVersion></refSysID></RefSystem></refSysInfo><spatRepInfo><VectSpatRep><topLvl><TopoLevCd Sync="TRUE" value="001"/></topLvl><geometObjs Name="TRANSPORTATION.sidewalk_network_2006"><geoObjTyp><GeoObjTypCd Sync="TRUE" value="002"/><geoObjCnt Sync="TRUE">0</geoObjCnt></geoObjTyp><geoObjCnt Sync="TRUE">0</geoObjCnt></geometObjs></VectSpatRep></spatRepInfo><eainfo><detailed Name="sidewalk_network_2006" xmlns=""><enttyp><enttypl Sync="TRUE">sidewalk_network_2006</enttypl><enttypt Sync="TRUE">Feature Class</enttypt><enttypc Sync="TRUE">0</enttypc></enttyp><attr><attrlabl Sync="TRUE">FID</attrlabl><attalias Sync="TRUE">FID</attalias><attrtype Sync="TRUE">OID</attrtype><attwidth Sync="TRUE">4</attwidth><atprecis Sync="TRUE">0</atprecis><attscale Sync="TRUE">0</attscale><attrdef Sync="TRUE">Internal feature number.</attrdef><attrdefs Sync="TRUE">ESRI</attrdefs><attrdomv><udom Sync="TRUE">Sequential unique whole numbers that are automatically generated.</udom></attrdomv></attr><attr xmlns=""><attrlabl Sync="TRUE">BLODK_ID</attrlabl><attalias Sync="TRUE">BLODK_ID</attalias><attrtype Sync="TRUE">Double</attrtype><attwidth Sync="TRUE">10</attwidth><atprecis Sync="TRUE">10</atprecis><attscale Sync="TRUE">0</attscale></attr><attr><attrlabl Sync="TRUE">SIDEWALK_N</attrlabl><attalias Sync="TRUE">SIDEWALK_N</attalias><attrtype Sync="TRUE">Double</attrtype><attwidth Sync="TRUE">10</attwidth><atprecis Sync="TRUE">10</atprecis><attscale Sync="TRUE">0</attscale></attr><attr><attrlabl Sync="TRUE">PEDESTRIAN</attrlabl><attalias Sync="TRUE">PEDESTRIAN</attalias><attrtype Sync="TRUE">String</attrtype><attwidth Sync="TRUE">30</attwidth><atprecis Sync="TRUE">0</atprecis><attscale Sync="TRUE">0</attscale></attr><attr xmlns=""><attrlabl Sync="TRUE">CREATED_BY</attrlabl><attalias Sync="TRUE">CREATED_BY</attalias><attrtype Sync="TRUE">String</attrtype><attwidth Sync="TRUE">50</attwidth><atprecis Sync="TRUE">0</atprecis><attscale Sync="TRUE">0</attscale></attr><attr><attrlabl Sync="TRUE">FULL_STREE</attrlabl><attalias Sync="TRUE">FULL_STREE</attalias><attrtype Sync="TRUE">String</attrtype><attwidth Sync="TRUE">50</attwidth><atprecis Sync="TRUE">0</atprecis><attscale Sync="TRUE">0</attscale></attr><attr><attrlabl Sync="TRUE">STREET_TYP</attrlabl><attalias Sync="TRUE">STREET_TYP</attalias><attrtype Sync="TRUE">String</attrtype><attwidth Sync="TRUE">50</attwidth><atprecis Sync="TRUE">0</atprecis><attscale Sync="TRUE">0</attscale></attr><attr><attrlabl Sync="TRUE">FISCAL_AVA</attrlabl><attalias Sync="TRUE">FISCAL_AVA</attalias><attrtype Sync="TRUE">String</attrtype><attwidth Sync="TRUE">50</attwidth><atprecis Sync="TRUE">0</atprecis><attscale Sync="TRUE">0</attscale></attr><attr xmlns=""><attrlabl Sync="TRUE">Shape</attrlabl><attalias Sync="TRUE">Shape</attalias><attrtype Sync="TRUE">Geometry</attrtype><attwidth Sync="TRUE">0</attwidth><atprecis Sync="TRUE">0</atprecis><attscale Sync="TRUE">0</attscale><attrdef Sync="TRUE">Feature geometry.</attrdef><attrdefs Sync="TRUE">ESRI</attrdefs><attrdomv><udom Sync="TRUE">Coordinates defining the features.</udom></attrdomv></attr><attr><attrlabl Sync="TRUE">CREATED_DA</attrlabl><attalias Sync="TRUE">CREATED_DA</attalias><attrtype Sync="TRUE">Date</attrtype><attwidth Sync="TRUE">8</attwidth><atprecis Sync="TRUE">0</atprecis><attscale Sync="TRUE">0</attscale></attr><attr><attrlabl Sync="TRUE">MODIFIED_B</attrlabl><attalias Sync="TRUE">MODIFIED_B</attalias><attrtype Sync="TRUE">String</attrtype><attwidth Sync="TRUE">50</attwidth><atprecis Sync="TRUE">0</atprecis><attscale Sync="TRUE">0</attscale></attr><attr><attrlabl Sync="TRUE">MODIFIED_D</attrlabl><attalias Sync="TRUE">MODIFIED_D</attalias><attrtype Sync="TRUE">Date</attrtype><attwidth Sync="TRUE">8</attwidth><atprecis Sync="TRUE">0</atprecis><attscale Sync="TRUE">0</attscale></attr><attr><attrlabl Sync="TRUE">SHAPE_LEN</attrlabl><attalias Sync="TRUE">SHAPE_LEN</attalias><attrtype Sync="TRUE">Double</attrtype><attwidth Sync="TRUE">19</attwidth><atprecis Sync="TRUE">0</atprecis><attscale Sync="TRUE">0</attscale></attr></detailed></eainfo><mdDateSt Sync="TRUE">20110509</mdDateSt><dataqual><lineage><procstep><proccont><cntinfo><cntperp><cntper>Richard McEntee</cntper><cntorg>Lockwood, Andrews &amp; Newnam, Inc.</cntorg></cntperp><cntpos>GIS Manager</cntpos><cntvoice>512-338-4212</cntvoice></cntinfo></proccont><procdesc>Absent sidewalks, existing sidewalks, absent curb ramps, existing curb ramps, crosswalks and driveways were digitized using 2003 aerial imagery from the City of Austin.  Digitization was performed by Sanborn, Inc.</procdesc><procdate>2006</procdate></procstep></lineage></dataqual><mdMaint xmlns=""><maintFreq><MaintFreqCd value="009"/></maintFreq></mdMaint></metadata>
