<?xml version="1.0"?>
<!--<!DOCTYPE metadata SYSTEM "http://www.esri.com/metadata/esriprof80.dtd">-->
<metadata xml:lang="en"><Esri><CreaDate>20110730</CreaDate><CreaTime>16345200</CreaTime><SyncOnce>TRUE</SyncOnce><DataProperties><lineage><Process Name="Create Feature Class" ToolSource="C:\Program Files\ArcGIS\ArcToolbox\Toolboxes\Data Management Tools.tbx\CreateFeatureclass" Date="20051130" Time="011450">CreateFeatureclass "Database Connections\ctmgissdep-sde.sde\SDE.environmental" cbdtrees # cbdtrees_Layer SAME_AS_TEMPLATE SAME_AS_TEMPLATE "{B286C06B-0879-11D2-AACA-00C04FA33C20};3096230.13029784 10054928.5516 62499.999941791;0 100000;0 100000" # 0 0 0 "Database Connections\ctmgissdep-sde.sde\SDE.environmental\SDE.cbdtrees"</Process><Process Name="Append" ToolSource="C:\Program Files\ArcGIS\ArcToolbox\Toolboxes\Data Management Tools.tbx\Append" Date="20051130" Time="011500">Append cbdtrees_Layer "Database Connections\ctmgissdep-sde.sde\SDE.environmental\SDE.cbdtrees" TEST "Database Connections\ctmgissdep-sde.sde\SDE.environmental\SDE.cbdtrees"</Process><Process Name="FeatureClassToFeatureClass_1" ToolSource="C:\Program Files\ArcGIS\ArcToolbox\Toolboxes\Conversion Tools.tbx\FeatureClassToFeatureClass" Date="20051130" Time="011501">FeatureClassToFeatureClass X:\shape\environmental\cbdtrees.shp "Database Connections\ctmgissdep-sde.sde\SDE.environmental" cbdtrees # "BLOCK BLOCK VISIBLE;ID ID VISIBLE;SPECIES SPECIES VISIBLE;CIRCUM CIRCUM VISIBLE;HT_CLSS HT_CLSS VISIBLE;HEALTH HEALTH VISIBLE;DRIPLINE DRIPLINE VISIBLE;CNF_POV CNF_POV VISIBLE;CNF_STR CNF_STR VISIBLE;CNF_SIDE CNF_SIDE VISIBLE;CNF_TREE CNF_TREE VISIBLE;CNF_OTHER CNF_OTHER VISIBLE;COMMENTS COMMENTS VISIBLE;IDS IDS VISIBLE;CANOPYDIAM CANOPYDIAM VISIBLE;CANOPY_SQF CANOPY_SQF VISIBLE;CIRCUM_IN CIRCUM_IN VISIBLE" SAME_AS_TEMPLATE SAME_AS_TEMPLATE # 0 "Database Connections\ctmgissdep-sde.sde\SDE.environmental\SDE.cbdtrees"</Process></lineage><itemProps><itemLocation><linkage Sync="TRUE">file://\\DELL-D630\C$\Dropbox\Dropbox\Python\Data_Cleaned\Austin_Downtown\downtown_trees</linkage><protocol Sync="TRUE">Local Area Network</protocol></itemLocation></itemProps><copyHistory><copy source="C:\Dropbox\Dropbox\Python\Data_Cleaned\Austin\downtown_trees" dest="\\DELL-D630\C$\Dropbox\Dropbox\Python\Data_Cleaned\Austin_Downtown\downtown_trees" date="20110730" time="16443700"></copy></copyHistory></DataProperties><ArcGISFormat>1.0</ArcGISFormat><ArcGISstyle>INSPIRE Metadata Directive</ArcGISstyle></Esri><idinfo><citation><citeinfo><onlink Sync="TRUE"></onlink></citeinfo></citation></idinfo><distInfo><distributor><distorTran><onLineSrc><linkage Sync="TRUE">file://</linkage><protocol Sync="TRUE">Local Area Network</protocol></onLineSrc></distorTran></distributor></distInfo><dataqual><lineage><procstep><procdesc Sync="TRUE">Dataset copied.</procdesc><srcused Sync="TRUE">Server=ctmgissdep; Service=5153; User=bvanderford; Version=SDE.DEFAULT</srcused><procdate Sync="TRUE">20090915</procdate><proctime Sync="TRUE">11191200</proctime></procstep></lineage></dataqual></metadata>
